/* use database */
USE CompAccInc_OLTPMPA

/* parent tables: Customer, Employee, Product_Category, Region */
/* insert values into Customer dimension (used to be excel file, converted to CSV file) - DONE */
BULK INSERT Customers
FROM 'C:\YEAR 2 SEM 1\DAAADENG\Y2S1 DENG_CA2\Data Source\Customer.csv'
WITH (FORMAT = 'csv',
	FIELDTERMINATOR = ',', 
	ROWTERMINATOR = '\n',
	FIRSTROW = 2,
	TABLOCK)


/* insert values into Product_Category dimension (CSV file) - DONE */
BULK INSERT Product_Categories
FROM 'C:\YEAR 2 SEM 1\DAAADENG\Y2S1 DENG_CA2\Data Source\Product_Category.csv'
WITH (FORMAT = 'csv',
	 FIELDQUOTE = '"',
     FIRSTROW = 2,
     FIELDTERMINATOR = ',', 
     ROWTERMINATOR = '\n',  
     TABLOCK)


/* insert values into Region dimension (text file) - DONE */
BULK INSERT Regions
FROM 'C:\YEAR 2 SEM 1\DAAADENG\Y2S1 DENG_CA2\Data Source\Regions.txt'
WITH (fieldterminator='\t', rowterminator='\n', firstrow=2)


/* insert values into Employee dimension (microsoft word doc) - DONE */
Insert into EMPLOYEES (EMPLOYEE_ID,FIRST_NAME,LAST_NAME,EMAIL,PHONE,HIRE_DATE,MANAGER_ID,JOB_TITLE) values (107,'Summer','Payne','summer.payne@example.com','515.123.8181',cast('07-JUN-16' as date),106,'Public Accountant');
Insert into EMPLOYEES (EMPLOYEE_ID,FIRST_NAME,LAST_NAME,EMAIL,PHONE,HIRE_DATE,MANAGER_ID,JOB_TITLE) values (106,'Rose','Stephens','rose.stephens@example.com','515.123.8080',cast('07-JUN-16' as date),2,'Accounting Manager');
Insert into EMPLOYEES (EMPLOYEE_ID,FIRST_NAME,LAST_NAME,EMAIL,PHONE,HIRE_DATE,MANAGER_ID,JOB_TITLE) values (101,'Annabelle','Dunn','annabelle.dunn@example.com','515.123.4444',cast('17-SEP-16' as date),2,'Administration Assistant');
Insert into EMPLOYEES (EMPLOYEE_ID,FIRST_NAME,LAST_NAME,EMAIL,PHONE,HIRE_DATE,MANAGER_ID,JOB_TITLE) values (1,'Tommy','Bailey','tommy.bailey@example.com','515.123.4567',cast('17-JUN-16' as date),null,'President');
Insert into EMPLOYEES (EMPLOYEE_ID,FIRST_NAME,LAST_NAME,EMAIL,PHONE,HIRE_DATE,MANAGER_ID,JOB_TITLE) values (3,'Blake','Cooper','blake.cooper@example.com','515.123.4569',cast('13-JAN-16' as date),1,'Administration Vice President');
Insert into EMPLOYEES (EMPLOYEE_ID,FIRST_NAME,LAST_NAME,EMAIL,PHONE,HIRE_DATE,MANAGER_ID,JOB_TITLE) values (2,'Jude','Rivera','jude.rivera@example.com','515.123.4568',cast('21-SEP-16' as date),1,'Administration Vice President');
Insert into EMPLOYEES (EMPLOYEE_ID,FIRST_NAME,LAST_NAME,EMAIL,PHONE,HIRE_DATE,MANAGER_ID,JOB_TITLE) values (11,'Tyler','Ramirez','tyler.ramirez@example.com','515.124.4269',cast('28-SEP-16' as date),9,'Accountant');
Insert into EMPLOYEES (EMPLOYEE_ID,FIRST_NAME,LAST_NAME,EMAIL,PHONE,HIRE_DATE,MANAGER_ID,JOB_TITLE) values (10,'Ryan','Gray','ryan.gray@example.com','515.124.4169',cast('16-AUG-16' as date),9,'Accountant');
Insert into EMPLOYEES (EMPLOYEE_ID,FIRST_NAME,LAST_NAME,EMAIL,PHONE,HIRE_DATE,MANAGER_ID,JOB_TITLE) values (14,'Elliot','Brooks','elli brooks@example.com','515.124.4567',cast('07-DEC-16' as date),9,'Accountant');
Insert into EMPLOYEES (EMPLOYEE_ID,FIRST_NAME,LAST_NAME,EMAIL,PHONE,HIRE_DATE,MANAGER_ID,JOB_TITLE) values (12,'Elliott','James','elliott.james@example.com','515.124.4369',cast('30-SEP-16' as date),9,'Accountant');
Insert into EMPLOYEES (EMPLOYEE_ID,FIRST_NAME,LAST_NAME,EMAIL,PHONE,HIRE_DATE,MANAGER_ID,JOB_TITLE) values (13,'Albert','Watson','albert.watson@example.com','515.124.4469',cast('07-MAR-16' as date),9,'Accountant');
Insert into EMPLOYEES (EMPLOYEE_ID,FIRST_NAME,LAST_NAME,EMAIL,PHONE,HIRE_DATE,MANAGER_ID,JOB_TITLE) values (9,'Mohammad','Peterson','mohammad.peterson@example.com','515.124.4569',cast('17-AUG-16' as date),2,'Finance Manager');
Insert into EMPLOYEES (EMPLOYEE_ID,FIRST_NAME,LAST_NAME,EMAIL,PHONE,HIRE_DATE,MANAGER_ID,JOB_TITLE) values (104,'Harper','Spencer','harper.spencer@example.com','515.123.7777',cast('07-JUN-16' as date),2,'Human Resources Representative');
Insert into EMPLOYEES (EMPLOYEE_ID,FIRST_NAME,LAST_NAME,EMAIL,PHONE,HIRE_DATE,MANAGER_ID,JOB_TITLE) values (4,'Louie','Richardson','louie.richardson@example.com','590.423.4567',cast('03-JAN-16' as date),3,'Programmer');
Insert into EMPLOYEES (EMPLOYEE_ID,FIRST_NAME,LAST_NAME,EMAIL,PHONE,HIRE_DATE,MANAGER_ID,JOB_TITLE) values (5,'Nathan','Cox','nathan.cox@example.com','590.423.4568',cast('21-MAY-16' as date),4,'Programmer');
Insert into EMPLOYEES (EMPLOYEE_ID,FIRST_NAME,LAST_NAME,EMAIL,PHONE,HIRE_DATE,MANAGER_ID,JOB_TITLE) values (8,'Bobby','Torres','bobby.torres@example.com','590.423.5567',cast('07-FEB-16' as date),4,'Programmer');
Insert into EMPLOYEES (EMPLOYEE_ID,FIRST_NAME,LAST_NAME,EMAIL,PHONE,HIRE_DATE,MANAGER_ID,JOB_TITLE) values (7,'Charles','Ward','charles.ward@example.com','590.423.4560',cast('05-FEB-16' as date),4,'Programmer');
Insert into EMPLOYEES (EMPLOYEE_ID,FIRST_NAME,LAST_NAME,EMAIL,PHONE,HIRE_DATE,MANAGER_ID,JOB_TITLE) values (6,'Gabriel','Howard','gabriel.howard@example.com','590.423.4569',cast('25-JUN-16' as date),4,'Programmer');
Insert into EMPLOYEES (EMPLOYEE_ID,FIRST_NAME,LAST_NAME,EMAIL,PHONE,HIRE_DATE,MANAGER_ID,JOB_TITLE) values (102,'Emma','Perkins','emma.perkins@example.com','515.123.5555',cast('17-FEB-16' as date),1,'Marketing Manager');
Insert into EMPLOYEES (EMPLOYEE_ID,FIRST_NAME,LAST_NAME,EMAIL,PHONE,HIRE_DATE,MANAGER_ID,JOB_TITLE) values (103,'Amelie','Hudson','amelie.hudson@example.com','603.123.6666',cast('17-AUG-16' as date),102,'Marketing Representative');
Insert into EMPLOYEES (EMPLOYEE_ID,FIRST_NAME,LAST_NAME,EMAIL,PHONE,HIRE_DATE,MANAGER_ID,JOB_TITLE) values (105,'Gracie','Gardner','gracie.gardner@example.com','515.123.8888',cast('07-JUN-16' as date),2,'Public Relations Representative');
Insert into EMPLOYEES (EMPLOYEE_ID,FIRST_NAME,LAST_NAME,EMAIL,PHONE,HIRE_DATE,MANAGER_ID,JOB_TITLE) values (17,'Frederick','Price','frederick.price@example.com','515.127.4563',cast('24-DEC-16' as date),15,'Purchasing Clerk');
Insert into EMPLOYEES (EMPLOYEE_ID,FIRST_NAME,LAST_NAME,EMAIL,PHONE,HIRE_DATE,MANAGER_ID,JOB_TITLE) values (16,'Alex','Sanders','alex.sanders@example.com','515.127.4562',cast('18-MAY-16' as date),15,'Purchasing Clerk');
Insert into EMPLOYEES (EMPLOYEE_ID,FIRST_NAME,LAST_NAME,EMAIL,PHONE,HIRE_DATE,MANAGER_ID,JOB_TITLE) values (18,'Ollie','Bennett','ollie.bennett@example.com','515.127.4564',cast('24-JUL-16' as date),15,'Purchasing Clerk');
Insert into EMPLOYEES (EMPLOYEE_ID,FIRST_NAME,LAST_NAME,EMAIL,PHONE,HIRE_DATE,MANAGER_ID,JOB_TITLE) values (19,'Louis','Wood','louis.wood@example.com','515.127.4565',cast('15-NOV-16' as date),15,'Purchasing Clerk');
Insert into EMPLOYEES (EMPLOYEE_ID,FIRST_NAME,LAST_NAME,EMAIL,PHONE,HIRE_DATE,MANAGER_ID,JOB_TITLE) values (20,'Dexter','Barnes','dexter.barnes@example.com','515.127.4566',cast('10-AUG-16' as date),15,'Purchasing Clerk');
Insert into EMPLOYEES (EMPLOYEE_ID,FIRST_NAME,LAST_NAME,EMAIL,PHONE,HIRE_DATE,MANAGER_ID,JOB_TITLE) values (15,'Rory','Kelly','rory.kelly@example.com','515.127.4561',cast('07-DEC-16' as date),1,'Purchasing Manager');
Insert into EMPLOYEES (EMPLOYEE_ID,FIRST_NAME,LAST_NAME,EMAIL,PHONE,HIRE_DATE,MANAGER_ID,JOB_TITLE) values (49,'Isabella','Cole','isabella.cole@example.com','011.44.1344.619268',cast('15-OCT-16' as date),1,'Sales Manager');
Insert into EMPLOYEES (EMPLOYEE_ID,FIRST_NAME,LAST_NAME,EMAIL,PHONE,HIRE_DATE,MANAGER_ID,JOB_TITLE) values (48,'Jessica','Woods','jessica.woods@example.com','011.44.1344.429278',cast('10-MAR-16' as date),1,'Sales Manager');
Insert into EMPLOYEES (EMPLOYEE_ID,FIRST_NAME,LAST_NAME,EMAIL,PHONE,HIRE_DATE,MANAGER_ID,JOB_TITLE) values (47,'Ella','Wallace','ella.wallace@example.com','011.44.1344.467268',cast('05-JAN-16' as date),1,'Sales Manager');
Insert into EMPLOYEES (EMPLOYEE_ID,FIRST_NAME,LAST_NAME,EMAIL,PHONE,HIRE_DATE,MANAGER_ID,JOB_TITLE) values (46,'Ava','Sullivan','ava.sullivan@example.com','011.44.1344.429268',cast('01-OCT-16' as date),1,'Sales Manager');
Insert into EMPLOYEES (EMPLOYEE_ID,FIRST_NAME,LAST_NAME,EMAIL,PHONE,HIRE_DATE,MANAGER_ID,JOB_TITLE) values (50,'Mia','West','mia.west@example.com','011.44.1344.429018',cast('29-JAN-16' as date),1,'Sales Manager');
Insert into EMPLOYEES (EMPLOYEE_ID,FIRST_NAME,LAST_NAME,EMAIL,PHONE,HIRE_DATE,MANAGER_ID,JOB_TITLE) values (56,'Evie','Harrison','evie.harrison@example.com','011.44.1344.486508',cast('23-NOV-16' as date),46,'Sales Representative');
Insert into EMPLOYEES (EMPLOYEE_ID,FIRST_NAME,LAST_NAME,EMAIL,PHONE,HIRE_DATE,MANAGER_ID,JOB_TITLE) values (57,'Scarlett','Gibson','scarlett.gibson@example.com','011.44.1345.429268',cast('30-JAN-16' as date),47,'Sales Representative');
Insert into EMPLOYEES (EMPLOYEE_ID,FIRST_NAME,LAST_NAME,EMAIL,PHONE,HIRE_DATE,MANAGER_ID,JOB_TITLE) values (58,'Ruby','Mcdonald','ruby.mcdonald@example.com','011.44.1345.929268',cast('04-MAR-16' as date),47,'Sales Representative');
Insert into EMPLOYEES (EMPLOYEE_ID,FIRST_NAME,LAST_NAME,EMAIL,PHONE,HIRE_DATE,MANAGER_ID,JOB_TITLE) values (59,'Chloe','Cruz','chloe.cruz@example.com','011.44.1345.829268',cast('01-AUG-16' as date),47,'Sales Representative');
Insert into EMPLOYEES (EMPLOYEE_ID,FIRST_NAME,LAST_NAME,EMAIL,PHONE,HIRE_DATE,MANAGER_ID,JOB_TITLE) values (60,'Isabelle','Marshall','isabelle.marshall@example.com','011.44.1345.729268',cast('10-MAR-16' as date),47,'Sales Representative');
Insert into EMPLOYEES (EMPLOYEE_ID,FIRST_NAME,LAST_NAME,EMAIL,PHONE,HIRE_DATE,MANAGER_ID,JOB_TITLE) values (61,'Daisy','Ortiz','daisy.ortiz@example.com','011.44.1345.629268',cast('15-DEC-16' as date),47,'Sales Representative');
Insert into EMPLOYEES (EMPLOYEE_ID,FIRST_NAME,LAST_NAME,EMAIL,PHONE,HIRE_DATE,MANAGER_ID,JOB_TITLE) values (62,'Freya','Gomez','freya.gomez@example.com','011.44.1345.529268',cast('03-NOV-16' as date),47,'Sales Representative');
Insert into EMPLOYEES (EMPLOYEE_ID,FIRST_NAME,LAST_NAME,EMAIL,PHONE,HIRE_DATE,MANAGER_ID,JOB_TITLE) values (80,'Elizabeth','Dixon','elizabeth.dixon@example.com','011.44.1644.429262',cast('04-JAN-16' as date),50,'Sales Representative');
Insert into EMPLOYEES (EMPLOYEE_ID,FIRST_NAME,LAST_NAME,EMAIL,PHONE,HIRE_DATE,MANAGER_ID,JOB_TITLE) values (64,'Florence','Freeman','florence.freeman@example.com','011.44.1346.229268',cast('19-MAR-16' as date),48,'Sales Representative');
Insert into EMPLOYEES (EMPLOYEE_ID,FIRST_NAME,LAST_NAME,EMAIL,PHONE,HIRE_DATE,MANAGER_ID,JOB_TITLE) values (65,'Alice','Wells','alice.wells@example.com','011.44.1346.329268',cast('24-JAN-16' as date),48,'Sales Representative');
Insert into EMPLOYEES (EMPLOYEE_ID,FIRST_NAME,LAST_NAME,EMAIL,PHONE,HIRE_DATE,MANAGER_ID,JOB_TITLE) values (66,'Charlotte','Webb','charlotte.webb@example.com','011.44.1346.529268',cast('23-FEB-16' as date),48,'Sales Representative');
Insert into EMPLOYEES (EMPLOYEE_ID,FIRST_NAME,LAST_NAME,EMAIL,PHONE,HIRE_DATE,MANAGER_ID,JOB_TITLE) values (67,'Sienna','Simpson','sienna.simpson@example.com','011.44.1346.629268',cast('24-MAR-16' as date),48,'Sales Representative');
Insert into EMPLOYEES (EMPLOYEE_ID,FIRST_NAME,LAST_NAME,EMAIL,PHONE,HIRE_DATE,MANAGER_ID,JOB_TITLE) values (68,'Matilda','Stevens','matilda.stevens@example.com','011.44.1346.729268',cast('21-APR-16' as date),48,'Sales Representative');
Insert into EMPLOYEES (EMPLOYEE_ID,FIRST_NAME,LAST_NAME,EMAIL,PHONE,HIRE_DATE,MANAGER_ID,JOB_TITLE) values (69,'Evelyn','Tucker','evelyn.tucker@example.com','011.44.1343.929268',cast('11-MAR-16' as date),49,'Sales Representative');
Insert into EMPLOYEES (EMPLOYEE_ID,FIRST_NAME,LAST_NAME,EMAIL,PHONE,HIRE_DATE,MANAGER_ID,JOB_TITLE) values (70,'Eva','Porter','eva.porter@example.com','011.44.1343.829268',cast('23-MAR-16' as date),49,'Sales Representative');
Insert into EMPLOYEES (EMPLOYEE_ID,FIRST_NAME,LAST_NAME,EMAIL,PHONE,HIRE_DATE,MANAGER_ID,JOB_TITLE) values (71,'Millie','Hunter','millie.hunter@example.com','011.44.1343.729268',cast('24-JAN-16' as date),49,'Sales Representative');
Insert into EMPLOYEES (EMPLOYEE_ID,FIRST_NAME,LAST_NAME,EMAIL,PHONE,HIRE_DATE,MANAGER_ID,JOB_TITLE) values (72,'Sofia','Hicks','sofia.hicks@example.com','011.44.1343.629268',cast('23-FEB-16' as date),49,'Sales Representative');
Insert into EMPLOYEES (EMPLOYEE_ID,FIRST_NAME,LAST_NAME,EMAIL,PHONE,HIRE_DATE,MANAGER_ID,JOB_TITLE) values (73,'Lucy','Crawford','lucy.crawford@example.com','011.44.1343.529268',cast('24-MAR-16' as date),49,'Sales Representative');
Insert into EMPLOYEES (EMPLOYEE_ID,FIRST_NAME,LAST_NAME,EMAIL,PHONE,HIRE_DATE,MANAGER_ID,JOB_TITLE) values (74,'Elsie','Henry','elsie.henry@example.com','011.44.1343.329268',cast('21-APR-16' as date),49,'Sales Representative');
Insert into EMPLOYEES (EMPLOYEE_ID,FIRST_NAME,LAST_NAME,EMAIL,PHONE,HIRE_DATE,MANAGER_ID,JOB_TITLE) values (75,'Imogen','Boyd','imogen.boyd@example.com','011.44.1644.429267',cast('11-MAY-16' as date),50,'Sales Representative');
Insert into EMPLOYEES (EMPLOYEE_ID,FIRST_NAME,LAST_NAME,EMAIL,PHONE,HIRE_DATE,MANAGER_ID,JOB_TITLE) values (76,'Layla','Mason','layla.mason@example.com','011.44.1644.429266',cast('19-MAR-16' as date),50,'Sales Representative');
Insert into EMPLOYEES (EMPLOYEE_ID,FIRST_NAME,LAST_NAME,EMAIL,PHONE,HIRE_DATE,MANAGER_ID,JOB_TITLE) values (77,'Rosie','Morales','rosie.morales@example.com','011.44.1644.429265',cast('24-MAR-16' as date),50,'Sales Representative');
Insert into EMPLOYEES (EMPLOYEE_ID,FIRST_NAME,LAST_NAME,EMAIL,PHONE,HIRE_DATE,MANAGER_ID,JOB_TITLE) values (78,'Maya','Kennedy','maya.kennedy@example.com','011.44.1644.429264',cast('23-APR-16' as date),50,'Sales Representative');
Insert into EMPLOYEES (EMPLOYEE_ID,FIRST_NAME,LAST_NAME,EMAIL,PHONE,HIRE_DATE,MANAGER_ID,JOB_TITLE) values (79,'Esme','Warren','esme.warren@example.com','011.44.1644.429263',cast('24-MAY-16' as date),50,'Sales Representative');
Insert into EMPLOYEES (EMPLOYEE_ID,FIRST_NAME,LAST_NAME,EMAIL,PHONE,HIRE_DATE,MANAGER_ID,JOB_TITLE) values (55,'Grace','Ellis','grace.ellis@example.com','011.44.1344.987668',cast('09-DEC-16' as date),46,'Sales Representative');
Insert into EMPLOYEES (EMPLOYEE_ID,FIRST_NAME,LAST_NAME,EMAIL,PHONE,HIRE_DATE,MANAGER_ID,JOB_TITLE) values (54,'Lily','Fisher','lily.fisher@example.com','011.44.1344.498718',cast('30-MAR-16' as date),46,'Sales Representative');
Insert into EMPLOYEES (EMPLOYEE_ID,FIRST_NAME,LAST_NAME,EMAIL,PHONE,HIRE_DATE,MANAGER_ID,JOB_TITLE) values (53,'Sophia','Reynolds','sophia.reynolds@example.com','011.44.1344.478968',cast('20-AUG-16' as date),46,'Sales Representative');
Insert into EMPLOYEES (EMPLOYEE_ID,FIRST_NAME,LAST_NAME,EMAIL,PHONE,HIRE_DATE,MANAGER_ID,JOB_TITLE) values (52,'Sophie','Owens','sophie.owens@example.com','011.44.1344.345268',cast('24-MAR-16' as date),46,'Sales Representative');
Insert into EMPLOYEES (EMPLOYEE_ID,FIRST_NAME,LAST_NAME,EMAIL,PHONE,HIRE_DATE,MANAGER_ID,JOB_TITLE) values (51,'Poppy','Jordan','poppy.jordan@example.com','011.44.1344.129268',cast('30-JAN-16' as date),46,'Sales Representative');
Insert into EMPLOYEES (EMPLOYEE_ID,FIRST_NAME,LAST_NAME,EMAIL,PHONE,HIRE_DATE,MANAGER_ID,JOB_TITLE) values (63,'Phoebe','Murray','phoebe.murray@example.com','011.44.1346.129268',cast('11-NOV-16' as date),48,'Sales Representative');
Insert into EMPLOYEES (EMPLOYEE_ID,FIRST_NAME,LAST_NAME,EMAIL,PHONE,HIRE_DATE,MANAGER_ID,JOB_TITLE) values (85,'Holly','Shaw','holly.shaw@example.com','650.509.1876',cast('27-JAN-16' as date),22,'Shipping Clerk');
Insert into EMPLOYEES (EMPLOYEE_ID,FIRST_NAME,LAST_NAME,EMAIL,PHONE,HIRE_DATE,MANAGER_ID,JOB_TITLE) values (86,'Emilia','Holmes','emilia.holmes@example.com','650.509.2876',cast('20-FEB-16' as date),22,'Shipping Clerk');
Insert into EMPLOYEES (EMPLOYEE_ID,FIRST_NAME,LAST_NAME,EMAIL,PHONE,HIRE_DATE,MANAGER_ID,JOB_TITLE) values (87,'Molly','Rice','molly.rice@example.com','650.509.3876',cast('24-JUN-16' as date),22,'Shipping Clerk');
Insert into EMPLOYEES (EMPLOYEE_ID,FIRST_NAME,LAST_NAME,EMAIL,PHONE,HIRE_DATE,MANAGER_ID,JOB_TITLE) values (88,'Ellie','Robertson','ellie.robertson@example.com','650.509.4876',cast('07-FEB-16' as date),22,'Shipping Clerk');
Insert into EMPLOYEES (EMPLOYEE_ID,FIRST_NAME,LAST_NAME,EMAIL,PHONE,HIRE_DATE,MANAGER_ID,JOB_TITLE) values (89,'Jasmine','Hunt','jasmine.hunt@example.com','650.505.1876',cast('14-JUN-16' as date),23,'Shipping Clerk');
Insert into EMPLOYEES (EMPLOYEE_ID,FIRST_NAME,LAST_NAME,EMAIL,PHONE,HIRE_DATE,MANAGER_ID,JOB_TITLE) values (90,'Eliza','Black','eliza.black@example.com','650.505.2876',cast('13-AUG-16' as date),23,'Shipping Clerk');
Insert into EMPLOYEES (EMPLOYEE_ID,FIRST_NAME,LAST_NAME,EMAIL,PHONE,HIRE_DATE,MANAGER_ID,JOB_TITLE) values (91,'Lilly','Daniels','lilly.daniels@example.com','650.505.3876',cast('11-JUL-16' as date),23,'Shipping Clerk');
Insert into EMPLOYEES (EMPLOYEE_ID,FIRST_NAME,LAST_NAME,EMAIL,PHONE,HIRE_DATE,MANAGER_ID,JOB_TITLE) values (92,'Abigail','Palmer','abigail.palmer@example.com','650.505.4876',cast('19-DEC-16' as date),23,'Shipping Clerk');
Insert into EMPLOYEES (EMPLOYEE_ID,FIRST_NAME,LAST_NAME,EMAIL,PHONE,HIRE_DATE,MANAGER_ID,JOB_TITLE) values (93,'Georgia','Mills','georgia.mills@example.com','650.501.1876',cast('04-FEB-16' as date),24,'Shipping Clerk');
Insert into EMPLOYEES (EMPLOYEE_ID,FIRST_NAME,LAST_NAME,EMAIL,PHONE,HIRE_DATE,MANAGER_ID,JOB_TITLE) values (94,'Maisie','Nichols','maisie.nichols@example.com','650.501.2876',cast('03-MAR-16' as date),24,'Shipping Clerk');
Insert into EMPLOYEES (EMPLOYEE_ID,FIRST_NAME,LAST_NAME,EMAIL,PHONE,HIRE_DATE,MANAGER_ID,JOB_TITLE) values (95,'Eleanor','Grant','eleanor.grant@example.com','650.501.3876',cast('01-JUL-16' as date),24,'Shipping Clerk');
Insert into EMPLOYEES (EMPLOYEE_ID,FIRST_NAME,LAST_NAME,EMAIL,PHONE,HIRE_DATE,MANAGER_ID,JOB_TITLE) values (96,'Hannah','Knight','hannah.knight@example.com','650.501.4876',cast('17-MAR-16' as date),24,'Shipping Clerk');
Insert into EMPLOYEES (EMPLOYEE_ID,FIRST_NAME,LAST_NAME,EMAIL,PHONE,HIRE_DATE,MANAGER_ID,JOB_TITLE) values (97,'Harriet','Ferguson','harriet.ferguson@example.com','650.507.9811',cast('24-APR-16' as date),25,'Shipping Clerk');
Insert into EMPLOYEES (EMPLOYEE_ID,FIRST_NAME,LAST_NAME,EMAIL,PHONE,HIRE_DATE,MANAGER_ID,JOB_TITLE) values (98,'Amber','Rose','amber.rose@example.com','650.507.9822',cast('23-MAY-16' as date),25,'Shipping Clerk');
Insert into EMPLOYEES (EMPLOYEE_ID,FIRST_NAME,LAST_NAME,EMAIL,PHONE,HIRE_DATE,MANAGER_ID,JOB_TITLE) values (99,'Bella','Stone','bella.stone@example.com','650.507.9833',cast('21-JUN-16' as date),25,'Shipping Clerk');
Insert into EMPLOYEES (EMPLOYEE_ID,FIRST_NAME,LAST_NAME,EMAIL,PHONE,HIRE_DATE,MANAGER_ID,JOB_TITLE) values (100,'Thea','Hawkins','thea.hawkins@example.com','650.507.9844',cast('13-JAN-16' as date),25,'Shipping Clerk');
Insert into EMPLOYEES (EMPLOYEE_ID,FIRST_NAME,LAST_NAME,EMAIL,PHONE,HIRE_DATE,MANAGER_ID,JOB_TITLE) values (81,'Lola','Ramos','lola.ramos@example.com','650.507.9876',cast('24-JAN-16' as date),21,'Shipping Clerk');
Insert into EMPLOYEES (EMPLOYEE_ID,FIRST_NAME,LAST_NAME,EMAIL,PHONE,HIRE_DATE,MANAGER_ID,JOB_TITLE) values (82,'Willow','Reyes','willow.reyes@example.com','650.507.9877',cast('23-FEB-16' as date),21,'Shipping Clerk');
Insert into EMPLOYEES (EMPLOYEE_ID,FIRST_NAME,LAST_NAME,EMAIL,PHONE,HIRE_DATE,MANAGER_ID,JOB_TITLE) values (83,'Ivy','Burns','ivy.burns@example.com','650.507.9878',cast('21-JUN-16' as date),21,'Shipping Clerk');
Insert into EMPLOYEES (EMPLOYEE_ID,FIRST_NAME,LAST_NAME,EMAIL,PHONE,HIRE_DATE,MANAGER_ID,JOB_TITLE) values (84,'Erin','Gordon','erin.gordon@example.com','650.507.9879',cast('03-FEB-16' as date),21,'Shipping Clerk');
Insert into EMPLOYEES (EMPLOYEE_ID,FIRST_NAME,LAST_NAME,EMAIL,PHONE,HIRE_DATE,MANAGER_ID,JOB_TITLE) values (33,'Reggie','Simmons','reggie.simmons@example.com','650.124.8234',cast('10-APR-16' as date),22,'Stock Clerk');
Insert into EMPLOYEES (EMPLOYEE_ID,FIRST_NAME,LAST_NAME,EMAIL,PHONE,HIRE_DATE,MANAGER_ID,JOB_TITLE) values (44,'Emily','Hamilton','emily.hamilton@example.com','650.121.2874',cast('15-MAR-16' as date),25,'Stock Clerk');
Insert into EMPLOYEES (EMPLOYEE_ID,FIRST_NAME,LAST_NAME,EMAIL,PHONE,HIRE_DATE,MANAGER_ID,JOB_TITLE) values (43,'Olivia','Ford','olivia.ford@example.com','650.121.2994',cast('29-JAN-16' as date),25,'Stock Clerk');
Insert into EMPLOYEES (EMPLOYEE_ID,FIRST_NAME,LAST_NAME,EMAIL,PHONE,HIRE_DATE,MANAGER_ID,JOB_TITLE) values (42,'Amelia','Myers','amelia.myers@example.com','650.121.8009',cast('17-OCT-16' as date),25,'Stock Clerk');
Insert into EMPLOYEES (EMPLOYEE_ID,FIRST_NAME,LAST_NAME,EMAIL,PHONE,HIRE_DATE,MANAGER_ID,JOB_TITLE) values (41,'Connor','Hayes','connor.hayes@example.com','650.121.1834',cast('06-APR-16' as date),24,'Stock Clerk');
Insert into EMPLOYEES (EMPLOYEE_ID,FIRST_NAME,LAST_NAME,EMAIL,PHONE,HIRE_DATE,MANAGER_ID,JOB_TITLE) values (26,'Leon','Powell','leon.powell@example.com','650.124.1214',cast('16-JUL-16' as date),21,'Stock Clerk');
Insert into EMPLOYEES (EMPLOYEE_ID,FIRST_NAME,LAST_NAME,EMAIL,PHONE,HIRE_DATE,MANAGER_ID,JOB_TITLE) values (27,'Kai','Long','kai.long@example.com','650.124.1224',cast('28-SEP-16' as date),21,'Stock Clerk');
Insert into EMPLOYEES (EMPLOYEE_ID,FIRST_NAME,LAST_NAME,EMAIL,PHONE,HIRE_DATE,MANAGER_ID,JOB_TITLE) values (28,'Aaron','Patterson','aaron.patterson@example.com','650.124.1334',cast('14-JAN-16' as date),21,'Stock Clerk');
Insert into EMPLOYEES (EMPLOYEE_ID,FIRST_NAME,LAST_NAME,EMAIL,PHONE,HIRE_DATE,MANAGER_ID,JOB_TITLE) values (29,'Roman','Hughes','roman.hughes@example.com','650.124.1434',cast('08-MAR-16' as date),21,'Stock Clerk');
Insert into EMPLOYEES (EMPLOYEE_ID,FIRST_NAME,LAST_NAME,EMAIL,PHONE,HIRE_DATE,MANAGER_ID,JOB_TITLE) values (30,'Austin','Flores','austin.flores@example.com','650.124.5234',cast('20-AUG-16' as date),22,'Stock Clerk');
Insert into EMPLOYEES (EMPLOYEE_ID,FIRST_NAME,LAST_NAME,EMAIL,PHONE,HIRE_DATE,MANAGER_ID,JOB_TITLE) values (31,'Ellis','Washington','ellis.washington@example.com','650.124.6234',cast('30-OCT-16' as date),22,'Stock Clerk');
Insert into EMPLOYEES (EMPLOYEE_ID,FIRST_NAME,LAST_NAME,EMAIL,PHONE,HIRE_DATE,MANAGER_ID,JOB_TITLE) values (32,'Jamie','Butler','jamie.butler@example.com','650.124.7234',cast('16-FEB-16' as date),22,'Stock Clerk');
Insert into EMPLOYEES (EMPLOYEE_ID,FIRST_NAME,LAST_NAME,EMAIL,PHONE,HIRE_DATE,MANAGER_ID,JOB_TITLE) values (45,'Isla','Graham','isla.graham@example.com','650.121.2004',cast('09-JUL-16' as date),25,'Stock Clerk');
Insert into EMPLOYEES (EMPLOYEE_ID,FIRST_NAME,LAST_NAME,EMAIL,PHONE,HIRE_DATE,MANAGER_ID,JOB_TITLE) values (34,'Seth','Foster','seth.foster@example.com','650.127.1934',cast('14-JUN-16' as date),23,'Stock Clerk');
Insert into EMPLOYEES (EMPLOYEE_ID,FIRST_NAME,LAST_NAME,EMAIL,PHONE,HIRE_DATE,MANAGER_ID,JOB_TITLE) values (35,'Carter','Gonzales','carter.gonzales@example.com','650.127.1834',cast('26-AUG-16' as date),23,'Stock Clerk');
Insert into EMPLOYEES (EMPLOYEE_ID,FIRST_NAME,LAST_NAME,EMAIL,PHONE,HIRE_DATE,MANAGER_ID,JOB_TITLE) values (36,'Felix','Bryant','felix.bryant@example.com','650.127.1734',cast('12-DEC-16' as date),23,'Stock Clerk');
Insert into EMPLOYEES (EMPLOYEE_ID,FIRST_NAME,LAST_NAME,EMAIL,PHONE,HIRE_DATE,MANAGER_ID,JOB_TITLE) values (37,'Ibrahim','Alexander','ibrahim.alexander@example.com','650.127.1634',cast('06-FEB-16' as date),23,'Stock Clerk');
Insert into EMPLOYEES (EMPLOYEE_ID,FIRST_NAME,LAST_NAME,EMAIL,PHONE,HIRE_DATE,MANAGER_ID,JOB_TITLE) values (38,'Sonny','Russell','sonny.russell@example.com','650.121.1234',cast('14-JUL-16' as date),24,'Stock Clerk');
Insert into EMPLOYEES (EMPLOYEE_ID,FIRST_NAME,LAST_NAME,EMAIL,PHONE,HIRE_DATE,MANAGER_ID,JOB_TITLE) values (39,'Kian','Griffin','kian.griffin@example.com','650.121.2034',cast('26-OCT-16' as date),24,'Stock Clerk');
Insert into EMPLOYEES (EMPLOYEE_ID,FIRST_NAME,LAST_NAME,EMAIL,PHONE,HIRE_DATE,MANAGER_ID,JOB_TITLE) values (40,'Caleb','Diaz','caleb.diaz@example.com','650.121.2019',cast('12-FEB-16' as date),24,'Stock Clerk');
Insert into EMPLOYEES (EMPLOYEE_ID,FIRST_NAME,LAST_NAME,EMAIL,PHONE,HIRE_DATE,MANAGER_ID,JOB_TITLE) values (25,'Ronnie','Perry','ronnie.perry@example.com','650.123.5234',cast('16-NOV-16' as date),1,'Stock Manager');
Insert into EMPLOYEES (EMPLOYEE_ID,FIRST_NAME,LAST_NAME,EMAIL,PHONE,HIRE_DATE,MANAGER_ID,JOB_TITLE) values (24,'Callum','Jenkins','callum.jenkins@example.com','650.123.4234',cast('10-OCT-16' as date),1,'Stock Manager');
Insert into EMPLOYEES (EMPLOYEE_ID,FIRST_NAME,LAST_NAME,EMAIL,PHONE,HIRE_DATE,MANAGER_ID,JOB_TITLE) values (23,'Jackson','Coleman','jackson.coleman@example.com','650.123.3234',cast('01-MAY-16' as date),1,'Stock Manager');
Insert into EMPLOYEES (EMPLOYEE_ID,FIRST_NAME,LAST_NAME,EMAIL,PHONE,HIRE_DATE,MANAGER_ID,JOB_TITLE) values (22,'Liam','Henderson','liam.henderson@example.com','650.123.2234',cast('10-APR-16' as date),1,'Stock Manager');
Insert into EMPLOYEES (EMPLOYEE_ID,FIRST_NAME,LAST_NAME,EMAIL,PHONE,HIRE_DATE,MANAGER_ID,JOB_TITLE) values (21,'Jaxon','Ross','jaxon.ross@example.com','650.123.1234',cast('18-JUL-16' as date),1,'Stock Manager');

select * from Employees

/* child tables: */
/* insert values into Country dimension (used to be excel file, converted to CSV file) - child table of Region dimension - DONE */
BULK INSERT Countries
FROM 'C:\YEAR 2 SEM 1\DAAADENG\Y2S1 DENG_CA2\Data Source\Country.csv'
WITH (FORMAT = 'csv',
	 FIELDQUOTE = '"',
     FIRSTROW = 2,
     FIELDTERMINATOR = ',', 
     ROWTERMINATOR = '\n',  
     TABLOCK)


/* insert values into Location dimension (used to be excel file, converted to CSV file) - DONE */
BULK INSERT Locations
FROM 'C:\YEAR 2 SEM 1\DAAADENG\Y2S1 DENG_CA2\Data Source\Location.csv'
WITH (FORMAT = 'csv',
	 FIELDQUOTE = '"',
     FIRSTROW = 2,
     FIELDTERMINATOR = ',', 
     ROWTERMINATOR = '\n',  
     TABLOCK)


/* insert values into Product dimension (CSV file) - DONE */
BULK INSERT Products
FROM 'C:\YEAR 2 SEM 1\DAAADENG\Y2S1 DENG_CA2\Data Source\Product.csv'
WITH (FORMAT = 'csv',
	 FIELDQUOTE = '"',
     FIRSTROW = 2,
     FIELDTERMINATOR = ',', 
     ROWTERMINATOR = '\n',  
     TABLOCK)


/* insert values into Contact dimension (CSV file) - DONE */
BULK INSERT Contacts
FROM 'C:\YEAR 2 SEM 1\DAAADENG\Y2S1 DENG_CA2\Data Source\Contact.csv'
WITH (FORMAT = 'csv',
	 FIELDQUOTE = '"',
     FIRSTROW = 2,
     FIELDTERMINATOR = ',', 
     ROWTERMINATOR = '\n',  
     TABLOCK)


/* insert values into Inventory dimension (used to be excel file, converted to CSV file) - DONE */
BULK INSERT Inventories
FROM 'C:\YEAR 2 SEM 1\DAAADENG\Y2S1 DENG_CA2\Data Source\Inventory.csv'
WITH (FORMAT='csv',
     FIRSTROW = 2,
     FIELDTERMINATOR = ',', 
     ROWTERMINATOR = '\n',  
     TABLOCK)


/* insert values into Orders dimension (json file) - DONE */
INSERT INTO Orders (Order_ID, Cust_ID, Status, Salesman_ID, Order_Date) 
VALUES (1, 4, 'Pending', 56, '2017-10-15'),
(2, 4, 'Shipped', 72, '2015-04-26'),
(3, 5, 'Shipped', 72, '2017-04-26'),
(4, 8, 'Shipped', 59, '2015-04-09'),
(5, 5, 'Canceled', 56, '2017-04-09'),
(6, 6, 'Shipped', 78, '2015-04-09'),
(7, 7, 'Shipped', 80, '2017-02-15'),
(8, 8, 'Shipped', 80, '2017-02-14'),
(9, 9, 'Shipped', 67, '2017-02-14'),
(10, 44, 'Pending', 51, '2017-01-24'),
(11, 45, 'Shipped', 67, '2016-11-29'),
(12, 46, 'Shipped', 72, '2016-11-29'),
(13, 47, 'Shipped', 51, '2016-11-29'),
(14, 48, 'Shipped', 72, '2017-09-28'),
(15, 49, 'Shipped', 51, '2017-09-27'),
(16, 16, 'Pending', 75, '2016-09-27'),
(17, 17, 'Shipped', 80, '2017-09-27'),
(18, 18, 'Shipped', 75, '2016-08-16'),
(19, 19, 'Shipped', 72, '2016-05-27'),
(20, 20, 'Shipped', 78, '2017-05-27'),
(21, 21, 'Pending', 78, '2017-05-27'),
(22, 22, 'Canceled', 75, '2016-05-26'),
(23, 23, 'Shipped', 80, '2016-09-07'),
(24, 41, 'Shipped', 70, '2016-09-07'),
(25, 42, 'Shipped', 78, '2016-08-24'),
(26, 46, 'Shipped', 62, '2016-08-16'),
(27, 43, 'Canceled', 67, '2016-08-16'),
(28, 6, 'Canceled', 57, '2017-08-15'),
(29, 44, 'Shipped', 70, '2017-08-14'),
(30, 45, 'Shipped', 78, '2017-08-12'),
(31, 46, 'Canceled', 80, '2017-08-12'),
(32, 47, 'Shipped', 78, '2017-03-09'),
(33, 48, 'Shipped', 78, '2017-03-07'),
(34, 49, 'Shipped', 80, '2016-06-12'),
(35, 50, 'Shipped', 70, '2016-09-05'),
(36, 51, 'Shipped', 67, '2017-09-05'),
(37, 52, 'Shipped', 53, '2017-02-19'),
(38, 53, 'Canceled', 57, '2015-05-31'),
(39, 54, 'Shipped', 62, '2016-10-22'),
(40, 55, 'Shipped', 62, '2017-05-11'),
(41, 9, 'Shipped', 59, '2017-05-11'),
(42, 56, 'Canceled', 64, '2015-05-03'),
(43, 47, 'Shipped', 62, '2015-05-02'),
(44, 2, 'Pending', 55, '2017-02-20'),
(45, 57, 'Shipped', 64, '2017-02-20'),
(46, 58, 'Pending', 62, '2017-02-20'),
(47, 59, 'Canceled', 62, '2016-10-10'),
(48, 60, 'Canceled', 64, '2016-10-10'),
(49, 61, 'Shipped', 55, '2016-10-02'),
(50, 62, 'Pending', 55, '2016-10-02'),
(51, 63, 'Shipped', 59, '2016-10-02'),
(52, 64, 'Shipped', 60, '2016-10-02'),
(53, 48, 'Shipped', 62, '2016-09-29'),
(54, 65, 'Shipped', 56, '2016-09-29'),
(55, 66, 'Pending', 59, '2016-09-29'),
(56, 67, 'Canceled', 55, '2016-09-29'),
(57, 68, 'Shipped', 57, '2017-08-24'),
(58, 69, 'Shipped', 57, '2016-08-24'),
(59, 70, 'Shipped', 59, '2015-06-29'),
(60, 1, 'Shipped', 62, '2017-06-30'),
(61, 2, 'Shipped', 54, '2016-06-30'),
(62, 3, 'Shipped', 62, '2015-06-30'),
(63, 4, 'Shipped', 61, '2016-06-30'),
(64, 5, 'Shipped', 64, '2016-06-21'),
(65, 6, 'Shipped', 64, '2013-06-21'),
(66, 7, 'Canceled', 61, '2016-06-21'),
(67, 8, 'Canceled', 61, '2016-06-14'),
(68, 9, 'Pending', 51, '2016-06-13'),
(69, 44, 'Canceled', 54, '2017-03-17'),
(70, 45, 'Canceled', 61, '2017-02-21'),
(71, 46, 'Shipped', 54, '2017-02-21'),
(72, 47, 'Shipped', 64, '2016-02-17'),
(73, 48, 'Shipped', 67, '2016-02-17'),
(74, 49, 'Shipped', 64, '2017-02-10'),
(75, 16, 'Shipped', 51, '2017-02-10'),
(76, 17, 'Shipped', 55, '2017-02-10'),
(77, 1, 'Shipped', 60, '2017-01-02'),
(78, 2, 'Pending', 64, '2015-12-14'),
(79, 2, 'Shipped', 64, '2016-12-14'),
(80, 3, 'Shipped', 64, '2016-12-13'),
(81, 49, 'Shipped', 62, '2016-12-13'),
(82, 44, 'Shipped', 60, '2016-12-03'),
(83, 16, 'Shipped', 62, '2016-12-02'),
(84, 3, 'Shipped', 64, '2015-12-01'),
(85, 4, 'Pending', 55, '2016-12-01'),
(86, 5, 'Pending', 60, '2016-11-30'),
(87, 7, 'Canceled', 57, '2016-12-01'),
(88, 6, 'Shipped', 61, '2017-11-01'),
(89, 7, 'Shipped', 55, '2015-10-27'),
(90, 8, 'Pending', 55, '2015-10-28'),
(91, 9, 'Pending', 56, '2016-10-28'),
(92, 44, 'Shipped', 59, '2015-10-28'),
(93, 17, 'Shipped', 62, '2016-10-27'),
(94, 1, 'Shipped', 62, '2017-10-27'),
(95, 45, 'Shipped', 59, '2016-09-19'),
(96, 46, 'Shipped', 56, '2016-09-14'),
(97, 47, 'Canceled', 60, '2016-07-12'),
(98, 48, 'Shipped', 55, '2017-03-18'),
(99, 49, 'Shipped', 60, '2017-01-07'),
(100, 16, 'Pending', 54, '2017-01-05'),
(101, 3, 'Pending', 55, '2017-01-03'),
(102, 45, 'Shipped', 61, '2016-12-20'),
(103, 17, 'Pending', 64, '2016-02-08'),
(104, 18, 'Shipped', 60, '2017-02-01'),
(105, 1, 'Pending', 54, '2016-11-17');


/* insert values into Order_Items dimension (json file)  */
INSERT INTO Order_Items (Order_ID, Item_ID, Product_ID, Quantity, Unit_Price) 
VALUES (1, 1, '137', 116, '469'),
(1, 2, '78', 77, '686'),
(1, 3, '64', 52, '525'),
(1, 4, '210', 87, '1029'),
(1, 5, '138', 131, '645'),
(1, 6, '126', 95, '640'),
(1, 7, '30', 41, '645'),
(1, 8, '170', 129, '383'),
(1, 9, '196', 139, '1099'),
(1, 10, '64', 147, '525'),
(1, 11, '169', 105, '1844'),
(1, 12, '226', 103, '309'),
(1, 13, '178', 121, '1999'),
(2, 1, '43', 111, '298'),
(2, 2, '265', 121, '1431'),
(2, 3, '195', 39, '1055'),
(2, 4, '18', 49, '799'),
(2, 5, '160', 30, '1908'),
(2, 6, '182', 95, '949'),
(2, 7, '204', 100, '686'),
(2, 8, '141', 97, '419'),
(2, 9, '200', 75, '620'),
(3, 1, '24', 111, '66'),
(3, 2, '56', 65, '16'),
(3, 3, '28', 63, '479'),
(3, 4, '64', 46, '525'),
(3, 5, '107', 112, '644'),
(3, 6, '36', 81, '1299'),
(3, 7, '125', 73, '768'),
(3, 8, '190', 127, '948'),
(4, 1, '280', 47, '149'),
(4, 2, '137', 75, '469'),
(4, 3, '7', 140, '680'),
(4, 4, '287', 60, '329'),
(4, 5, '20', 80, '719'),
(4, 6, '159', 96, '1994'),
(4, 7, '262', 79, '1449'),
(4, 8, '18', 116, '799'),
(5, 1, '149', 70, '282'),
(5, 2, '15', 45, '725'),
(5, 3, '216', 82, '863'),
(5, 4, '31', 77, '443'),
(5, 5, '31', 78, '443'),
(6, 1, '199', 67, '647'),
(6, 2, '138', 41, '645'),
(6, 3, '94', 90, '15'),
(6, 4, '258', 145, '57'),
(6, 5, '11', 74, '2015'),
(6, 6, '89', 150, '749'),
(6, 7, '7', 119, '680'),
(7, 1, '227', 74, '305'),
(7, 2, '230', 49, '136'),
(8, 1, '87', 92, '759'),
(8, 2, '12', 70, '824'),
(8, 3, '71', 87, '660'),
(8, 4, '25', 40, '104'),
(8, 5, '284', 118, '54'),
(8, 6, '127', 34, '719'),
(8, 7, '16', 135, '889'),
(8, 8, '100', 68, '97'),
(8, 9, '268', 148, '47'),
(9, 1, '108', 139, '849'),
(9, 2, '99', 123, '68'),
(9, 3, '265', 90, '1431'),
(9, 4, '288', 62, '319'),
(9, 5, '145', 58, '287'),
(9, 6, '14', 48, '704'),
(9, 7, '124', 117, '594'),
(9, 8, '93', 132, '2116'),
(10, 1, '145', 118, '287'),
(10, 2, '10', 102, '811'),
(10, 3, '182', 83, '949'),
(10, 4, '172', 133, '358'),
(10, 5, '218', 68, '1388'),
(10, 6, '64', 96, '525'),
(10, 7, '127', 52, '719'),
(10, 8, '18', 124, '799'),
(10, 9, '119', 107, '899'),
(11, 1, '96', 113, '141'),
(11, 2, '40', 79, '299'),
(12, 1, '191', 41, '573'),
(12, 2, '63', 58, '572'),
(12, 3, '42', 75, '299'),
(12, 4, '144', 70, '289'),
(12, 5, '208', 133, '1199'),
(12, 6, '236', 114, '745'),
(12, 7, '141', 110, '419'),
(12, 8, '256', 85, '26'),
(12, 9, '282', 117, '804'),
(12, 10, '210', 37, '1029'),
(12, 11, '169', 114, '1844'),
(12, 12, '96', 120, '141'),
(13, 1, '84', 46, '440'),
(13, 2, '85', 82, '1274'),
(13, 3, '240', 80, '1805'),
(13, 4, '30', 60, '645'),
(13, 5, '167', 89, '1010'),
(13, 6, '1', 127, '640'),
(13, 7, '39', 67, '301'),
(13, 8, '1', 95, '640'),
(13, 9, '225', 137, '503'),
(13, 10, '245', 138, '1699'),
(14, 1, '129', 98, '734'),
(14, 2, '206', 133, '4139'),
(14, 3, '231', 87, '449'),
(14, 4, '114', 40, '820'),
(14, 5, '239', 125, '739'),
(14, 6, '188', 79, '482'),
(14, 7, '113', 32, '704'),
(14, 8, '238', 64, '741'),
(15, 1, '287', 60, '329'),
(15, 2, '154', 67, '1204'),
(15, 3, '246', 133, '343'),
(15, 4, '239', 71, '739'),
(15, 5, '230', 92, '136'),
(15, 6, '253', 83, '579'),
(15, 7, '83', 118, '829'),
(15, 8, '241', 77, '1756'),
(16, 1, '166', 70, '1638'),
(16, 2, '155', 106, '588'),
(16, 3, '235', 56, '41'),
(16, 4, '95', 42, '109'),
(16, 5, '45', 80, '2501'),
(16, 6, '131', 53, '279'),
(16, 7, '256', 44, '26'),
(16, 8, '138', 142, '645'),
(16, 9, '135', 76, '127'),
(17, 1, '149', 51, '282'),
(18, 1, '213', 105, '1469'),
(18, 2, '226', 57, '309'),
(18, 3, '93', 83, '2116'),
(18, 4, '91', 141, '2259'),
(18, 5, '87', 103, '759'),
(18, 6, '259', 60, '80'),
(18, 7, '188', 133, '482'),
(18, 8, '136', 32, '826'),
(19, 1, '38', 53, '1199'),
(19, 2, '24', 62, '66'),
(19, 3, '23', 142, '89'),
(19, 4, '259', 46, '80'),
(19, 5, '107', 106, '644'),
(19, 6, '103', 105, '809'),
(19, 7, '30', 94, '645'),
(19, 8, '91', 130, '2259'),
(19, 9, '63', 83, '572'),
(19, 10, '200', 93, '620'),
(20, 1, '126', 105, '640'),
(20, 2, '41', 78, '299'),
(21, 1, '36', 79, '1299'),
(21, 2, '101', 146, '635'),
(21, 3, '250', 120, '338'),
(21, 4, '1', 135, '640'),
(22, 1, '83', 44, '829'),
(22, 2, '116', 45, '731'),
(22, 3, '24', 77, '66'),
(22, 4, '288', 44, '319'),
(22, 5, '160', 59, '1908'),
(22, 6, '56', 43, '16'),
(22, 7, '17', 60, '699'),
(22, 8, '222', 99, '754'),
(22, 9, '8', 89, '601'),
(22, 10, '90', 95, '759'),
(22, 11, '234', 144, '150'),
(22, 12, '108', 45, '849'),
(22, 13, '281', 73, '864'),
(23, 1, '202', 104, '713'),
(23, 2, '190', 50, '948'),
(23, 3, '210', 80, '1029'),
(23, 4, '116', 74, '731'),
(23, 5, '5', 59, '2290'),
(23, 6, '169', 40, '1844'),
(23, 7, '286', 36, '234'),
(23, 8, '241', 126, '1756'),
(23, 9, '14', 86, '704'),
(23, 10, '187', 110, '353'),
(24, 1, '121', 129, '721'),
(24, 2, '227', 61, '305'),
(24, 3, '47', 51, '2377'),
(24, 4, '24', 59, '66'),
(24, 5, '41', 83, '299'),
(24, 6, '276', 99, '1163'),
(25, 1, '43', 109, '298'),
(25, 2, '239', 119, '739'),
(25, 3, '29', 65, '645'),
(25, 4, '209', 80, '1199'),
(25, 5, '235', 45, '41'),
(25, 6, '28', 85, '479'),
(25, 7, '135', 132, '127'),
(25, 8, '2', 65, '2554'),
(26, 1, '200', 114, '620'),
(26, 2, '186', 92, '1449'),
(26, 3, '279', 71, '1318'),
(26, 4, '164', 78, '1850'),
(26, 5, '151', 36, '281'),
(27, 1, '71', 38, '660'),
(27, 2, '141', 77, '419'),
(27, 3, '68', 96, '766'),
(27, 4, '263', 95, '89'),
(27, 5, '118', 122, '699'),
(27, 6, '29', 133, '645'),
(27, 7, '155', 51, '588'),
(27, 8, '71', 127, '660'),
(27, 9, '93', 132, '2116'),
(27, 10, '150', 58, '281'),
(27, 11, '116', 67, '731'),
(27, 12, '92', 105, '2200'),
(27, 13, '111', 102, '827'),
(28, 1, '31', 61, '443'),
(28, 2, '121', 120, '721'),
(28, 3, '41', 56, '299'),
(28, 4, '208', 139, '1199'),
(28, 5, '27', 99, '800'),
(28, 6, '210', 120, '1029'),
(28, 7, '54', 131, '1019'),
(28, 8, '40', 105, '299'),
(29, 1, '7', 38, '680'),
(29, 2, '82', 62, '1499'),
(29, 3, '268', 118, '47'),
(29, 4, '141', 32, '419'),
(29, 5, '258', 137, '57'),
(29, 6, '30', 75, '645'),
(29, 7, '166', 103, '1638'),
(29, 8, '10', 81, '811'),
(29, 9, '233', 71, '59'),
(29, 10, '76', 62, '629'),
(29, 11, '115', 52, '699'),
(30, 1, '235', 70, '41'),
(30, 2, '200', 137, '620'),
(30, 3, '260', 37, '267'),
(30, 4, '237', 50, '744'),
(30, 5, '43', 68, '298'),
(30, 6, '4', 82, '2699'),
(30, 7, '155', 64, '588'),
(31, 1, '101', 68, '635'),
(31, 2, '176', 97, '939'),
(31, 3, '191', 147, '573'),
(31, 4, '226', 34, '309'),
(31, 5, '79', 56, '659'),
(31, 6, '171', 103, '382'),
(32, 1, '251', 83, '337'),
(32, 2, '142', 130, '2998'),
(32, 3, '73', 134, '799'),
(32, 4, '30', 105, '645'),
(32, 5, '85', 148, '1274'),
(32, 6, '102', 147, '2042'),
(33, 1, '55', 93, '150'),
(33, 2, '153', 33, '1249'),
(33, 3, '217', 67, '401'),
(33, 4, '55', 93, '150'),
(33, 5, '62', 84, '789'),
(33, 6, '190', 70, '948'),
(33, 7, '18', 41, '799'),
(33, 8, '13', 75, '704'),
(34, 1, '185', 141, '873'),
(34, 2, '131', 113, '279'),
(34, 3, '39', 100, '301'),
(34, 4, '143', 106, '402'),
(34, 5, '68', 37, '766'),
(34, 6, '101', 62, '635'),
(35, 1, '174', 133, '798'),
(35, 2, '70', 134, '710'),
(35, 3, '211', 87, '1064'),
(35, 4, '41', 79, '299'),
(35, 5, '186', 41, '1449'),
(36, 1, '204', 45, '686'),
(36, 2, '101', 105, '635'),
(36, 3, '100', 102, '97'),
(36, 4, '10', 72, '811'),
(36, 5, '255', 143, '90'),
(36, 6, '205', 33, '649'),
(36, 7, '152', 45, '280'),
(36, 8, '141', 144, '419'),
(37, 1, '35', 150, '1314'),
(37, 2, '67', 129, '863'),
(37, 3, '147', 100, '283'),
(38, 1, '71', 90, '660'),
(38, 2, '169', 52, '1844'),
(38, 3, '264', 89, '88'),
(38, 4, '61', 59, '487'),
(38, 5, '209', 149, '1199'),
(38, 6, '278', 76, '677'),
(38, 7, '49', 139, '1499'),
(39, 1, '186', 116, '1449'),
(39, 2, '153', 108, '1249'),
(39, 3, '109', 33, '713'),
(39, 4, '53', 128, '1003'),
(39, 5, '38', 144, '1199'),
(39, 6, '20', 112, '719'),
(39, 7, '185', 101, '873'),
(39, 8, '179', 102, '312'),
(39, 9, '144', 125, '289'),
(40, 1, '141', 106, '419'),
(40, 2, '101', 131, '635'),
(40, 3, '250', 131, '338'),
(40, 4, '230', 80, '136'),
(40, 5, '98', 149, '2064'),
(40, 6, '273', 82, '443'),
(40, 7, '258', 99, '57'),
(40, 8, '31', 30, '443'),
(40, 9, '170', 31, '383'),
(40, 10, '215', 36, '829'),
(40, 11, '184', 88, '999'),
(41, 1, '268', 80, '47'),
(41, 2, '219', 82, '1299'),
(41, 3, '69', 86, '678'),
(41, 4, '258', 49, '57'),
(41, 5, '179', 83, '312'),
(41, 6, '287', 112, '329'),
(41, 7, '25', 101, '104'),
(41, 8, '21', 31, '749'),
(41, 9, '55', 61, '150'),
(42, 1, '34', 45, '417'),
(42, 2, '10', 147, '811'),
(42, 3, '249', 76, '2660'),
(42, 4, '213', 103, '1469'),
(42, 5, '252', 85, '499'),
(42, 6, '78', 47, '686'),
(42, 7, '139', 149, '65'),
(43, 1, '67', 74, '863'),
(43, 2, '287', 66, '329'),
(43, 3, '110', 94, '3192'),
(43, 4, '105', 86, '2799'),
(43, 5, '86', 114, '804'),
(43, 6, '235', 86, '41'),
(43, 7, '1', 57, '640'),
(43, 8, '169', 73, '1844'),
(44, 1, '220', 118, '759'),
(44, 2, '215', 148, '829'),
(44, 3, '271', 37, '549'),
(44, 4, '158', 100, '2009'),
(45, 1, '74', 43, '701'),
(45, 2, '66', 126, '399'),
(45, 3, '68', 88, '766'),
(46, 1, '120', 51, '892'),
(46, 2, '4', 112, '2699'),
(46, 3, '187', 86, '353'),
(46, 4, '264', 104, '88'),
(46, 5, '181', 94, '999'),
(46, 6, '60', 80, '59'),
(46, 7, '155', 114, '588'),
(46, 8, '123', 116, '3177'),
(46, 9, '2', 65, '2554'),
(46, 10, '214', 91, '1009'),
(46, 11, '89', 119, '749'),
(47, 1, '178', 73, '1999'),
(47, 2, '55', 107, '150'),
(47, 3, '65', 99, '1199'),
(47, 4, '33', 98, '52'),
(47, 5, '149', 123, '282'),
(48, 1, '165', 46, '1666'),
(48, 2, '158', 98, '2009'),
(49, 1, '172', 104, '358'),
(50, 1, '215', 49, '829'),
(51, 1, '21', 34, '749'),
(51, 2, '7', 64, '680'),
(52, 1, '235', 123, '41'),
(53, 1, '100', 130, '97'),
(53, 2, '168', 89, '43'),
(53, 3, '9', 106, '899'),
(53, 4, '177', 96, '1759'),
(54, 1, '208', 73, '1199'),
(54, 2, '4', 136, '2699'),
(54, 3, '68', 134, '766'),
(55, 1, '102', 127, '2042'),
(55, 2, '32', 70, '469'),
(55, 3, '260', 79, '267'),
(56, 1, '84', 70, '440'),
(57, 1, '224', 75, '349'),
(57, 2, '177', 110, '1759'),
(57, 3, '238', 122, '741'),
(57, 4, '164', 114, '1850'),
(57, 5, '132', 77, '554'),
(57, 6, '164', 44, '1850'),
(58, 1, '64', 55, '525'),
(58, 2, '120', 32, '892'),
(58, 3, '113', 73, '704'),
(58, 4, '186', 70, '1449'),
(58, 5, '62', 143, '789'),
(58, 6, '213', 77, '1469'),
(58, 7, '108', 49, '849'),
(58, 8, '157', 65, '388'),
(58, 9, '136', 134, '826'),
(58, 10, '163', 31, '1899'),
(58, 11, '152', 51, '280'),
(58, 12, '62', 148, '789'),
(59, 1, '178', 101, '1999'),
(59, 2, '166', 34, '1638'),
(59, 3, '118', 105, '699'),
(59, 4, '47', 138, '2377'),
(59, 5, '203', 117, '671'),
(59, 6, '154', 126, '1204'),
(59, 7, '152', 82, '280'),
(59, 8, '287', 96, '329'),
(59, 9, '154', 82, '1204'),
(60, 1, '205', 74, '649'),
(60, 2, '13', 138, '704'),
(60, 3, '272', 144, '1073'),
(60, 4, '92', 125, '2200'),
(60, 5, '278', 114, '677'),
(60, 6, '51', 79, '2269'),
(60, 7, '189', 146, '649'),
(61, 1, '174', 114, '798'),
(61, 2, '56', 75, '16'),
(61, 3, '146', 59, '283'),
(61, 4, '34', 71, '417'),
(61, 5, '15', 32, '725'),
(61, 6, '5', 50, '2290'),
(61, 7, '52', 45, '1676'),
(62, 1, '188', 130, '482'),
(63, 1, '70', 72, '710'),
(63, 2, '54', 47, '1019'),
(64, 1, '199', 61, '647'),
(64, 2, '126', 52, '640'),
(65, 1, '280', 104, '149'),
(65, 2, '113', 83, '704'),
(65, 3, '116', 35, '731'),
(65, 4, '248', 42, '2774'),
(65, 5, '119', 141, '899'),
(65, 6, '262', 118, '1449'),
(66, 1, '77', 143, '695'),
(66, 2, '218', 40, '1388'),
(66, 3, '286', 35, '234'),
(66, 4, '103', 88, '809'),
(66, 5, '174', 66, '798'),
(66, 6, '97', 130, '59'),
(66, 7, '49', 78, '1499'),
(66, 8, '75', 122, '624'),
(66, 9, '279', 90, '1318'),
(67, 1, '287', 61, '329'),
(67, 2, '144', 121, '289'),
(67, 3, '167', 94, '1010'),
(67, 4, '109', 117, '713'),
(67, 5, '80', 129, '564'),
(67, 6, '108', 82, '849'),
(67, 7, '78', 124, '686'),
(67, 8, '247', 39, '339'),
(67, 9, '91', 138, '2259'),
(67, 10, '239', 45, '739'),
(68, 1, '163', 98, '1899'),
(68, 2, '248', 42, '2774'),
(68, 3, '183', 50, '899'),
(68, 4, '163', 125, '1899'),
(68, 5, '108', 150, '849'),
(68, 6, '13', 141, '704'),
(68, 7, '189', 139, '649'),
(68, 8, '204', 56, '686'),
(68, 9, '177', 84, '1759'),
(69, 1, '206', 57, '4139'),
(69, 2, '71', 66, '660'),
(69, 3, '253', 112, '579'),
(69, 4, '82', 58, '1499'),
(69, 5, '278', 71, '677'),
(69, 6, '3', 46, '799'),
(69, 7, '79', 49, '659'),
(69, 8, '169', 67, '1844'),
(69, 9, '261', 55, '1504'),
(70, 1, '185', 146, '873'),
(70, 2, '83', 52, '829'),
(70, 3, '102', 84, '2042'),
(70, 4, '82', 139, '1499'),
(70, 5, '124', 106, '594'),
(70, 6, '50', 68, '8867'),
(70, 7, '32', 132, '469'),
(71, 1, '19', 146, '1704'),
(71, 2, '241', 38, '1756'),
(71, 3, '195', 75, '1055'),
(72, 1, '129', 101, '734'),
(72, 2, '211', 123, '1064'),
(72, 3, '273', 145, '443'),
(73, 1, '245', 120, '1699'),
(73, 2, '35', 130, '1314'),
(73, 3, '31', 102, '443'),
(73, 4, '45', 54, '2501'),
(73, 5, '192', 124, '519'),
(74, 1, '104', 97, '83'),
(74, 2, '250', 86, '338'),
(74, 3, '242', 61, '1751'),
(74, 4, '106', 82, '608'),
(74, 5, '3', 101, '799'),
(74, 6, '187', 137, '353'),
(74, 7, '27', 92, '800'),
(75, 1, '58', 73, '784'),
(75, 2, '187', 74, '353'),
(75, 3, '33', 143, '52'),
(75, 4, '142', 115, '2998'),
(75, 5, '192', 37, '519'),
(75, 6, '95', 81, '109'),
(75, 7, '106', 74, '608'),
(75, 8, '24', 82, '66'),
(75, 9, '20', 34, '719'),
(75, 10, '72', 86, '589'),
(75, 11, '6', 128, '849'),
(76, 1, '109', 92, '713'),
(76, 2, '177', 98, '1759'),
(76, 3, '163', 134, '1899'),
(76, 4, '272', 56, '1073'),
(76, 5, '89', 133, '749'),
(76, 6, '167', 46, '1010'),
(76, 7, '196', 125, '1099'),
(76, 8, '201', 91, '653'),
(76, 9, '155', 78, '588'),
(76, 10, '95', 106, '109'),
(77, 1, '203', 65, '671'),
(77, 2, '168', 136, '43'),
(77, 3, '218', 143, '1388'),
(77, 4, '2', 99, '2554'),
(77, 5, '271', 148, '549'),
(78, 1, '92', 147, '2200'),
(78, 2, '169', 50, '1844'),
(78, 3, '125', 119, '768'),
(78, 4, '200', 87, '620'),
(78, 5, '181', 37, '999'),
(78, 6, '206', 145, '4139'),
(79, 1, '285', 145, '339'),
(79, 2, '265', 53, '1431'),
(79, 3, '204', 138, '686'),
(79, 4, '63', 146, '572'),
(80, 1, '213', 63, '1469'),
(81, 1, '128', 133, '741'),
(81, 2, '241', 134, '1756'),
(81, 3, '69', 104, '678'),
(81, 4, '49', 83, '1499'),
(81, 5, '55', 144, '150'),
(81, 6, '65', 61, '1199'),
(81, 7, '79', 127, '659'),
(82, 1, '91', 42, '2259'),
(82, 2, '107', 71, '644'),
(82, 3, '254', 121, '119'),
(82, 4, '157', 113, '388'),
(82, 5, '48', 59, '1218'),
(82, 6, '180', 56, '279'),
(82, 7, '70', 31, '710'),
(82, 8, '213', 56, '1469'),
(82, 9, '284', 138, '54'),
(83, 1, '264', 35, '88'),
(83, 2, '196', 54, '1099'),
(83, 3, '116', 76, '731'),
(83, 4, '261', 106, '1504'),
(83, 5, '101', 122, '635'),
(83, 6, '233', 86, '59'),
(83, 7, '18', 49, '799'),
(83, 8, '174', 117, '798'),
(84, 1, '106', 137, '608'),
(84, 2, '199', 137, '647'),
(84, 3, '269', 147, '759'),
(84, 4, '95', 36, '109'),
(84, 5, '87', 119, '759'),
(84, 6, '131', 34, '279'),
(85, 1, '155', 114, '588'),
(85, 2, '230', 35, '136'),
(86, 1, '202', 46, '713'),
(86, 2, '156', 47, '394'),
(86, 3, '287', 45, '329'),
(86, 4, '121', 76, '721'),
(87, 1, '47', 123, '2377'),
(87, 2, '233', 96, '59'),
(87, 3, '130', 119, '117'),
(87, 4, '127', 59, '719'),
(87, 5, '265', 74, '1431'),
(87, 6, '174', 84, '798'),
(87, 7, '7', 66, '680'),
(87, 8, '257', 110, '84'),
(87, 9, '121', 142, '721'),
(87, 10, '76', 96, '629'),
(87, 11, '271', 58, '549'),
(88, 1, '278', 139, '677'),
(88, 2, '11', 106, '2015'),
(89, 1, '247', 45, '339'),
(89, 2, '102', 84, '2042'),
(89, 3, '224', 89, '349'),
(89, 4, '253', 126, '579'),
(89, 5, '44', 55, '49'),
(89, 6, '122', 140, '722'),
(89, 7, '76', 109, '629'),
(89, 8, '151', 127, '281'),
(90, 1, '65', 84, '1199'),
(90, 2, '64', 60, '525'),
(90, 3, '134', 106, '295'),
(90, 4, '93', 146, '2116'),
(90, 5, '73', 129, '799'),
(90, 6, '185', 147, '873'),
(90, 7, '250', 125, '338'),
(90, 8, '92', 49, '2200'),
(91, 1, '122', 89, '722'),
(91, 2, '220', 127, '759'),
(91, 3, '266', 83, '1418'),
(91, 4, '194', 75, '397'),
(91, 5, '272', 111, '1073'),
(91, 6, '123', 37, '3177'),
(91, 7, '118', 113, '699'),
(91, 8, '196', 102, '1099'),
(91, 9, '43', 44, '298'),
(91, 10, '269', 104, '759'),
(91, 11, '226', 77, '309'),
(92, 1, '208', 114, '1199'),
(92, 2, '34', 126, '417'),
(92, 3, '65', 132, '1199'),
(92, 4, '110', 111, '3192'),
(92, 5, '114', 112, '820'),
(92, 6, '164', 91, '1850'),
(92, 7, '108', 104, '849'),
(93, 1, '257', 70, '84'),
(93, 2, '169', 46, '1844'),
(93, 3, '251', 30, '337'),
(93, 4, '43', 113, '298'),
(93, 5, '121', 141, '721'),
(94, 1, '255', 38, '90'),
(94, 2, '186', 146, '1449'),
(94, 3, '218', 86, '1388'),
(94, 4, '80', 133, '564'),
(94, 5, '181', 143, '999'),
(94, 6, '4', 111, '2699'),
(94, 7, '172', 37, '358'),
(94, 8, '258', 73, '57'),
(94, 9, '12', 33, '824'),
(95, 1, '52', 138, '1676'),
(95, 2, '143', 64, '402'),
(95, 3, '271', 69, '549'),
(95, 4, '86', 123, '804'),
(95, 5, '107', 76, '644'),
(95, 6, '71', 135, '660'),
(96, 1, '260', 34, '267'),
(97, 1, '110', 39, '3192'),
(97, 2, '207', 82, '3254'),
(97, 3, '270', 61, '769'),
(97, 4, '33', 67, '52'),
(97, 5, '99', 48, '68'),
(97, 6, '219', 132, '1299'),
(98, 1, '66', 104, '399'),
(98, 2, '48', 44, '1218'),
(99, 1, '95', 66, '109'),
(99, 2, '118', 37, '699'),
(99, 3, '84', 98, '440'),
(99, 4, '36', 71, '1299'),
(99, 5, '200', 58, '620'),
(99, 6, '1', 43, '640'),
(99, 7, '201', 31, '653'),
(99, 8, '102', 101, '2042'),
(99, 9, '17', 144, '699'),
(100, 1, '280', 70, '149'),
(101, 1, '17', 47, '699'),
(101, 2, '113', 134, '704'),
(101, 3, '135', 134, '127'),
(101, 4, '284', 52, '54'),
(101, 5, '150', 36, '281'),
(101, 6, '20', 138, '719'),
(101, 7, '102', 123, '2042'),
(102, 1, '196', 69, '1099'),
(102, 2, '95', 117, '109'),
(102, 3, '247', 149, '339'),
(103, 1, '6', 117, '849'),
(103, 2, '258', 142, '57'),
(104, 1, '129', 74, '734'),
(104, 2, '171', 90, '382'),
(104, 3, '45', 48, '2501'),
(104, 4, '48', 51, '1218'),
(104, 5, '281', 85, '864'),
(104, 6, '51', 139, '2269'),
(104, 7, '178', 145, '1999'),
(105, 1, '31', 116, '443'),
(105, 2, '242', 67, '1751'),
(105, 3, '275', 45, '399'),
(105, 4, '138', 80, '645'),
(105, 5, '103', 77, '809'),
(105, 6, '183', 79, '899');


/* insert values into Warehouse dimension (text file) - DONE */
BULK INSERT Warehouses
FROM 'C:\YEAR 2 SEM 1\DAAADENG\Y2S1 DENG_CA2\Data Source\Warehouse.txt'
WITH (
   FIRSTROW = 2,
   FIELDTERMINATOR = ';',
   ROWTERMINATOR = '\n')


